City_ID,City,Country,Date,Lat,Lng,Max Temp,Humidity,Cloudiness,Wind Speed
0,Qaanaaq,GL,2022-09-10 14:11:38,77.484,-69.3632,35.55,67,77,6.93
1,Sangar,RU,2022-09-10 14:11:39,63.9242,127.4739,34.57,86,81,3.27
2,Atuona,PF,2022-09-10 14:11:39,-9.8,-139.0333,75.67,78,35,21.43
3,Saint George,US,2022-09-10 14:11:40,37.1041,-113.5841,79.39,62,40,9.22
4,Bluff,NZ,2022-09-10 14:11:40,-46.6,168.3333,42.96,89,8,5.7
5,Karratha,AU,2022-09-10 14:11:41,-20.7377,116.8463,72.95,47,0,14.05
6,Stromness,GB,2022-09-10 14:11:41,58.965,-3.296,59.88,77,23,5.01
7,Lala,PH,2022-09-10 14:11:42,7.9745,123.7458,75.67,91,18,0.6
8,Punta Arenas,CL,2022-09-10 14:08:31,-53.15,-70.9167,46.51,66,0,16.11
9,Haines Junction,CA,2022-09-10 14:11:43,60.7522,-137.5108,37.35,81,97,1.14
10,Bengkulu,ID,2022-09-10 14:11:43,-3.8004,102.2655,76.73,83,99,3.56
11,Victor Harbor,AU,2022-09-10 14:11:44,-35.5667,138.6167,48.0,79,36,6.04
12,Avarua,CK,2022-09-10 14:11:44,-21.2078,-159.775,75.25,88,40,12.66
13,Leningradskiy,RU,2022-09-10 14:11:45,69.3833,178.4167,35.6,87,20,10.16
14,Hualmay,PE,2022-09-10 14:11:45,-11.0964,-77.6139,61.32,79,81,6.44
15,Saint-Philippe,RE,2022-09-10 14:11:46,-21.3585,55.7679,74.79,71,49,12.1
16,Mataura,NZ,2022-09-10 14:11:46,-46.1927,168.8643,37.63,99,14,2.66
17,Whyalla,AU,2022-09-10 14:07:33,-33.0333,137.5833,52.75,74,98,7.31
18,Kapaa,US,2022-09-10 14:11:47,22.0752,-159.319,79.12,87,75,12.66
19,Hermanus,ZA,2022-09-10 14:11:48,-34.4187,19.2345,59.81,71,100,15.52
20,Mehamn,NO,2022-09-10 14:11:49,71.0357,27.8492,48.15,87,75,16.11
21,Bilma,NE,2022-09-10 14:11:49,18.6853,12.9164,101.44,11,98,10.0
22,Iqaluit,CA,2022-09-10 14:11:50,63.7506,-68.5145,47.93,87,40,9.22
23,Nueva Loja,EC,2022-09-10 14:11:50,0.0847,-76.8828,80.62,74,0,2.3
24,Mount Isa,AU,2022-09-10 14:11:51,-20.7333,139.5,73.17,21,0,6.91
25,Gunjur,GM,2022-09-10 14:11:51,13.2019,-16.7339,82.99,77,61,10.49
26,Itoman,JP,2022-09-10 14:11:52,26.1247,127.6694,84.22,82,75,10.36
27,Lompoc,US,2022-09-10 14:11:52,34.6391,-120.4579,72.52,85,100,9.22
28,Port Hedland,AU,2022-09-10 14:11:53,-20.3167,118.5667,68.05,83,0,8.05
29,Edgewater,US,2022-09-10 14:11:53,28.9889,-80.9023,84.04,100,40,0.0
30,Kaitangata,NZ,2022-09-10 14:11:54,-46.2817,169.8464,40.48,95,15,2.59
31,Clyde River,CA,2022-09-10 14:11:54,70.4692,-68.5914,37.63,100,100,0.0
32,Lakes Entrance,AU,2022-09-10 14:11:55,-37.8811,147.981,48.16,62,52,19.57
33,Port Lincoln,AU,2022-09-10 14:11:55,-34.7333,135.8667,50.7,74,0,2.95
34,New Norfolk,AU,2022-09-10 14:11:56,-42.7826,147.0587,49.5,76,97,4.0
35,Kadoma,JP,2022-09-10 14:11:56,34.7333,135.5833,80.58,67,73,2.71
36,Quatre Cocos,MU,2022-09-10 14:11:57,-20.2078,57.7625,73.51,63,34,14.65
37,Sitka,US,2022-09-10 14:11:57,57.0531,-135.33,48.09,93,75,0.0
38,Port Alfred,ZA,2022-09-10 14:11:58,-33.5906,26.891,68.18,85,47,1.01
39,Longyearbyen,SJ,2022-09-10 14:11:58,78.2186,15.6401,37.24,70,75,10.36
40,La Ronge,CA,2022-09-10 14:11:59,55.1001,-105.2842,46.65,87,40,6.91
41,Price,US,2022-09-10 14:11:59,39.5994,-110.8107,58.26,35,0,0.0
42,Castro,BR,2022-09-10 14:12:00,-24.7911,-50.0119,70.77,71,87,1.9
43,Dingle,PH,2022-09-10 14:12:01,10.9995,122.6711,76.19,88,74,3.78
44,Lorengau,PG,2022-09-10 14:13:02,-2.0226,147.2712,81.41,78,62,6.46
45,Tura,IN,2022-09-10 14:13:02,25.5198,90.2201,75.07,95,18,4.12
46,Chuy,UY,2022-09-10 14:13:03,-33.6971,-53.4616,52.83,58,42,14.09
47,Lebu,CL,2022-09-10 14:13:04,-37.6167,-73.65,50.54,70,1,17.67
48,Fortuna,US,2022-09-10 14:13:04,40.5982,-124.1573,54.66,54,42,3.87
49,Guerrero Negro,MX,2022-09-10 14:13:05,27.9769,-114.0611,73.98,83,7,7.36
50,Andra,RU,2022-09-10 14:13:05,62.5147,65.8878,42.42,85,91,3.24
51,North Platte,US,2022-09-10 14:10:46,41.1239,-100.7654,52.25,94,100,5.75
52,Bethel,US,2022-09-10 14:13:06,41.3712,-73.414,75.42,65,0,1.01
53,Ankara,TR,2022-09-10 14:09:04,39.9199,32.8543,87.35,19,0,8.05
54,Bata,GQ,2022-09-10 14:13:07,1.8639,9.7658,78.73,78,92,7.96
55,Khatanga,RU,2022-09-10 14:13:07,71.9667,102.5,33.69,90,100,9.46
56,Nhulunbuy,AU,2022-09-10 14:13:08,-12.2333,136.7667,75.81,94,14,4.61
57,Georgetown,MY,2022-09-10 14:13:09,5.4112,100.3354,82.33,74,20,0.0
58,Arraial Do Cabo,BR,2022-09-10 14:13:10,-22.9661,-42.0278,85.96,61,0,11.5
59,Damghan,IR,2022-09-10 14:13:10,36.1683,54.348,77.67,43,1,13.31
60,Mar Del Plata,AR,2022-09-10 14:10:10,-38.0023,-57.5575,52.95,69,40,8.05
61,Hithadhoo,MV,2022-09-10 14:13:11,-0.6,73.0833,82.11,71,5,11.83
62,Sioux Lookout,CA,2022-09-10 14:13:11,50.1001,-91.917,57.27,77,20,3.44
63,Saint-Pierre,RE,2022-09-10 14:13:12,-21.3393,55.4781,74.88,53,20,0.0
64,Hasaki,JP,2022-09-10 14:13:12,35.7333,140.8333,72.28,86,100,21.34
65,Busselton,AU,2022-09-10 14:13:13,-33.65,115.3333,51.76,88,97,6.4
66,Palora,EC,2022-09-10 14:13:13,-1.7,-77.9333,71.71,96,100,2.8
67,Nouadhibou,MR,2022-09-10 14:13:14,20.931,-17.0347,73.4,85,84,20.09
68,Rikitea,PF,2022-09-10 14:13:15,-23.1203,-134.9692,71.87,75,0,16.08
69,Acapulco,MX,2022-09-10 14:10:38,16.8634,-99.8901,76.82,94,100,10.36
70,Rio Grande,BR,2022-09-10 14:13:15,-32.035,-52.0986,57.31,62,0,18.92
71,Jiangyou,CN,2022-09-10 14:13:16,31.7667,104.7167,69.64,86,17,2.42
72,Beringovskiy,RU,2022-09-10 14:13:16,63.05,179.3167,44.56,89,42,6.82
73,Carastelec,RO,2022-09-10 14:13:17,47.3,22.7,70.83,75,40,13.42
74,Talnakh,RU,2022-09-10 14:13:17,69.4865,88.3972,38.21,98,100,7.9
75,Komsomolskiy,UZ,2022-09-10 14:13:19,40.4272,71.7189,84.92,37,100,4.61
76,Conceicao Do Araguaia,BR,2022-09-10 14:13:21,-8.2578,-49.2647,99.05,18,0,6.08
77,Cherskiy,RU,2022-09-10 14:13:22,68.75,161.3,47.46,91,100,2.62
78,Sungaipenuh,ID,2022-09-10 14:13:23,-2.0833,101.3833,66.22,96,100,0.29
79,Narsaq,GL,2022-09-10 14:13:25,60.9167,-46.05,53.82,51,3,1.05
80,Saravan,AM,2022-09-10 14:13:26,39.7196,45.6483,71.64,27,0,4.61
81,Puerto Del Rosario,ES,2022-09-10 14:13:26,28.5004,-13.8627,78.55,73,20,16.11
82,Barrow,US,2022-09-10 14:13:27,71.2906,-156.7887,33.82,100,100,14.97
83,Salalah,OM,2022-09-10 14:13:27,17.0151,54.0924,80.69,83,75,10.36
84,Finschhafen,PG,2022-09-10 14:13:28,-6.6024,147.8681,78.31,84,17,6.6
85,Laguna,US,2022-09-10 14:13:30,38.421,-121.4238,79.09,61,0,4.61
86,Stornoway,GB,2022-09-10 14:13:32,58.2093,-6.3865,62.04,72,0,10.36
87,Tasiilaq,GL,2022-09-10 14:13:32,65.6145,-37.6368,51.96,68,100,4.29
88,Tiksi,RU,2022-09-10 14:13:33,71.6872,128.8694,39.78,88,99,7.07
89,Codrington,AU,2022-09-10 14:14:33,-38.2667,141.9667,48.04,87,97,9.78
90,Youhao,CN,2022-09-10 14:14:34,47.8667,128.8333,58.3,89,39,3.31
91,Ostrovnoy,RU,2022-09-10 14:14:34,68.0531,39.5131,52.39,74,98,9.75
92,San Patricio,US,2022-09-10 14:14:35,28.017,-97.5169,87.89,69,55,2.86
93,Kodiak,US,2022-09-10 14:09:38,57.79,-152.4072,47.71,87,100,0.0
94,East London,ZA,2022-09-10 14:14:35,-33.0153,27.9116,68.94,77,20,9.22
95,Ponta Do Sol,PT,2022-09-10 14:14:36,32.6667,-17.1,82.13,75,98,8.25
96,Changji,CN,2022-09-10 14:14:36,44.0167,87.3167,79.59,31,0,4.47
97,Lusambo,CD,2022-09-10 14:14:37,-4.9667,23.45,80.78,66,84,3.06
98,Vaini,TO,2022-09-10 14:14:37,-21.2,-175.2,75.36,83,75,4.61
99,High Level,CA,2022-09-10 14:14:38,58.5169,-117.136,37.51,100,20,4.61
100,Saskylakh,RU,2022-09-10 14:14:38,71.9167,114.0833,35.13,97,100,14.07
101,Ushuaia,AR,2022-09-10 14:14:39,-54.8,-68.3,46.02,53,20,20.71
102,Chokurdakh,RU,2022-09-10 14:14:41,70.6333,147.9167,38.25,95,100,6.15
103,Pisco,PE,2022-09-10 14:14:41,-13.7,-76.2167,60.85,82,100,6.91
104,Butaritari,KI,2022-09-10 14:14:42,3.0707,172.7902,81.54,69,36,13.06
105,Hobart,AU,2022-09-10 14:14:42,-42.8794,147.3294,49.86,67,94,14.97
106,Gamba,GA,2022-09-10 14:14:43,-2.65,10.0,78.24,76,47,10.78
107,Albany,US,2022-09-10 14:13:11,42.6001,-73.9662,70.43,84,49,0.38
108,Kirkwall,GB,2022-09-10 14:14:44,58.9848,-2.9587,59.97,72,20,4.61
109,Cape Town,ZA,2022-09-10 14:12:36,-33.9258,18.4232,66.38,69,40,11.5
110,Makakilo City,US,2022-09-10 14:14:44,21.3469,-158.0858,77.32,82,0,9.22
111,Tuktoyaktuk,CA,2022-09-10 14:14:45,69.4541,-133.0374,39.2,93,100,13.8
112,Karpathos,GR,2022-09-10 14:14:45,35.507,27.2132,82.36,69,20,17.27
113,Thompson,CA,2022-09-10 14:14:46,55.7435,-97.8558,46.56,93,75,8.05
114,Bathsheba,BB,2022-09-10 14:14:46,13.2167,-59.5167,88.41,66,40,11.5
115,Bredasdorp,ZA,2022-09-10 14:14:46,-34.5322,20.0403,64.74,50,100,17.34
116,Houma,US,2022-09-10 14:14:47,29.5958,-90.7195,78.01,93,0,4.0
117,Tautira,PF,2022-09-10 14:14:48,-17.7333,-149.15,76.66,75,42,22.35
118,Cabo San Lucas,MX,2022-09-10 14:14:48,22.8909,-109.9124,77.5,86,98,6.58
119,Hay River,CA,2022-09-10 14:14:49,60.8156,-115.7999,49.98,71,50,8.05
120,Dikson,RU,2022-09-10 14:14:49,73.5069,80.5464,36.1,77,94,2.95
121,Port Elizabeth,ZA,2022-09-10 14:14:50,-33.918,25.5701,64.09,91,75,11.88
122,Jacksonville,US,2022-09-10 14:13:26,30.3322,-81.6556,81.05,88,75,4.61
123,Sao Filipe,CV,2022-09-10 14:14:51,14.8961,-24.4956,80.74,78,60,4.81
124,Krieglach,AT,2022-09-10 14:14:51,47.5333,15.55,69.75,53,93,5.53
125,Upernavik,GL,2022-09-10 14:10:28,72.7868,-56.1549,43.9,87,100,13.51
126,Tabanan,ID,2022-09-10 14:14:52,-8.5413,115.1252,79.2,92,87,3.76
127,Timmins,CA,2022-09-10 14:14:53,48.4669,-81.3331,64.22,82,100,4.61
128,Salta,AR,2022-09-10 14:14:53,-24.7859,-65.4117,58.57,29,0,4.0
129,Erenhot,CN,2022-09-10 14:14:54,43.6475,111.9767,76.68,18,1,7.52
130,Hervey Bay,AU,2022-09-10 14:14:55,-25.2986,152.8535,64.27,60,100,11.95
131,Costinesti,RO,2022-09-10 14:14:55,43.95,28.6333,75.43,74,77,18.01
132,Hilo,US,2022-09-10 14:14:56,19.7297,-155.09,73.27,83,0,4.0
133,Constitucion,CL,2022-09-10 14:14:56,-35.3333,-72.4167,53.56,58,0,1.81
134,Norman Wells,CA,2022-09-10 14:14:56,65.282,-126.8329,50.04,76,100,16.11
135,Koumac,NC,2022-09-10 14:14:57,-20.5667,164.2833,73.18,86,1,2.46
136,Jamestown,US,2022-09-10 14:14:58,42.097,-79.2353,73.51,58,0,8.05
137,Qidong,CN,2022-09-10 14:15:58,31.8128,121.6561,77.94,86,90,8.41
138,Ternate,ID,2022-09-10 14:15:59,0.8,127.4,79.72,78,100,3.89
139,Mokhsogollokh,RU,2022-09-10 14:12:15,61.4681,128.9203,36.03,77,15,5.88
140,Clermont,FR,2022-09-10 14:15:17,49.5,2.4167,68.72,47,83,13.67
141,Klaksvik,FO,2022-09-10 14:16:01,62.2266,-6.589,52.72,84,100,13.56
142,Victoria,HK,2022-09-10 14:13:15,22.2855,114.1577,85.17,80,9,4.0
143,Salamina,GR,2022-09-10 14:16:02,37.9643,23.4965,96.12,45,0,8.34
144,Wagar,SD,2022-09-10 14:16:02,16.1525,36.2032,102.34,22,99,4.9
145,Ilulissat,GL,2022-09-10 14:16:03,69.2167,-51.1,42.82,70,75,4.61
146,Nikolskoye,RU,2022-09-10 14:16:04,59.7035,30.7861,61.88,42,13,3.76
147,Najran,SA,2022-09-10 14:16:05,17.4924,44.1277,93.85,15,88,15.01
148,Port-Gentil,GA,2022-09-10 14:16:06,-0.7193,8.7815,82.36,74,40,16.11
149,Olga,RU,2022-09-10 14:16:08,43.7444,135.2892,54.16,80,2,3.87
150,Iskateley,RU,2022-09-10 14:16:09,67.6803,53.1512,48.79,80,97,1.97
151,Aksarka,RU,2022-09-10 14:16:10,66.5606,67.7975,42.1,78,100,5.35
152,Lavrentiya,RU,2022-09-10 14:16:10,65.5833,-171.0,40.41,92,100,2.71
153,Faanui,PF,2022-09-10 14:16:10,-16.4833,-151.75,78.42,72,21,21.21
154,Mount Gambier,AU,2022-09-10 14:16:11,-37.8333,140.7667,49.1,72,100,7.63
155,Batticaloa,LK,2022-09-10 14:16:12,7.7102,81.6924,82.81,73,100,2.57
156,Ouesso,CG,2022-09-10 14:16:13,1.6136,16.0517,83.52,64,54,4.38
157,Ravar,IR,2022-09-10 14:16:14,31.2656,56.8055,92.16,10,0,9.13
158,Sechura,PE,2022-09-10 14:16:14,-5.5569,-80.8222,65.44,74,100,11.03
159,Chiredzi,ZW,2022-09-10 14:16:15,-21.05,31.6667,90.59,10,0,9.01
160,Tsalenjikha,GE,2022-09-10 14:16:15,42.6044,42.0682,76.98,45,23,3.94
161,Manokwari,ID,2022-09-10 14:16:16,-0.8667,134.0833,79.02,77,100,1.66
162,Yabelo,ET,2022-09-10 14:16:17,4.8833,38.0833,72.73,37,100,8.1
163,Belfort,FR,2022-09-10 14:16:18,47.6333,6.8667,66.67,76,67,10.54
164,Paracuru,BR,2022-09-10 14:16:18,-3.41,-39.0306,87.28,49,0,14.09
165,Namatanai,PG,2022-09-10 14:16:19,-3.6667,152.4333,79.39,80,45,8.84
166,Bassar,TG,2022-09-10 14:16:19,9.25,0.7833,78.71,79,87,7.65
167,Verkhoyansk,RU,2022-09-10 14:16:20,67.5447,133.385,41.09,58,98,9.91
168,Vila Franca Do Campo,PT,2022-09-10 14:16:21,37.7167,-25.4333,79.2,72,100,17.07
169,Palanga,LT,2022-09-10 14:16:21,55.9175,21.0686,60.82,63,100,5.75
170,Bom Jesus,BR,2022-09-10 14:16:22,-9.0744,-44.3586,95.9,20,0,7.02
171,Husavik,IS,2022-09-10 14:16:23,66.0449,-17.3389,55.49,80,44,7.67
172,Xam Nua,LA,2022-09-10 14:16:23,20.4197,104.0439,67.32,98,100,1.88
173,Mahebourg,MU,2022-09-10 14:16:24,-20.4081,57.7,73.69,60,75,12.66
174,Mwinilunga,ZM,2022-09-10 14:16:24,-11.7358,24.4293,88.86,14,88,6.46
175,Te Anau,NZ,2022-09-10 14:17:25,-45.4167,167.7167,35.4,90,29,0.69
176,Ornes,NO,2022-09-10 14:17:25,66.8689,13.7078,54.28,71,89,6.89
177,Luderitz,NA,2022-09-10 14:17:26,-26.6481,15.1594,73.58,44,16,27.2
178,Puerto Ayora,EC,2022-09-10 14:17:26,-0.7393,-90.3518,67.96,95,93,1.99
179,Bumba,CD,2022-09-10 14:17:27,2.1833,22.4667,86.7,50,61,3.96
180,Severo-Kurilsk,RU,2022-09-10 14:17:27,50.6789,156.125,52.11,90,17,15.59
181,Manzini,SZ,2022-09-10 14:17:28,-26.25,31.5,91.74,13,0,11.21
182,Carnarvon,AU,2022-09-10 14:17:28,-24.8667,113.6333,66.92,66,0,19.17
183,Nanortalik,GL,2022-09-10 14:17:29,60.1432,-45.2371,46.06,74,0,11.01
184,Pauini,BR,2022-09-10 14:17:29,-7.7136,-66.9764,90.99,47,11,3.74
185,Taoudenni,ML,2022-09-10 14:17:29,22.6783,-3.9836,111.85,8,71,11.9
186,Tilichiki,RU,2022-09-10 14:17:30,60.4667,166.1,47.35,96,100,6.04
187,Ishikari,JP,2022-09-10 14:17:30,43.2397,141.3539,57.81,81,0,8.12
188,Quelimane,MZ,2022-09-10 14:17:31,-17.8786,36.8883,79.75,58,0,11.18
189,Manggar,ID,2022-09-10 14:17:31,-2.8833,108.2667,80.15,77,95,5.48
190,Nome,US,2022-09-10 14:16:19,64.5011,-165.4064,44.67,82,100,10.36
191,Popova,RU,2022-09-10 14:17:32,42.9603,131.7228,66.51,79,98,3.76
192,Airai,TL,2022-09-10 14:17:32,-8.9266,125.4092,59.85,89,83,1.92
193,Salym,RU,2022-09-10 14:17:33,60.0625,71.4789,42.01,90,96,4.32
194,Yumen,CN,2022-09-10 14:17:33,40.2833,97.2,77.29,9,0,11.27
195,Linguere,SN,2022-09-10 14:17:33,15.3953,-15.1193,92.08,50,97,9.71
196,Brzeziny,PL,2022-09-10 14:17:34,51.8002,19.7514,61.18,85,100,5.5
197,Meulaboh,ID,2022-09-10 14:17:34,4.1363,96.1285,78.46,80,56,1.81
198,Marondera,ZW,2022-09-10 14:17:35,-18.1853,31.5519,79.99,8,0,8.7
199,Agbor,NG,2022-09-10 14:17:35,6.2518,6.1934,82.92,72,80,7.25
200,San Cristobal,VE,2022-09-10 14:17:35,7.7669,-72.225,75.38,53,24,6.91
201,Broome,US,2022-09-10 14:17:36,42.2506,-75.833,71.67,69,0,3.44
202,Sur,OM,2022-09-10 14:17:36,22.5667,59.5289,89.51,52,93,9.19
203,Esna,EG,2022-09-10 14:17:37,25.2934,32.554,104.72,14,0,15.66
204,Blagoyevo,RU,2022-09-10 14:17:37,63.3667,47.9167,48.69,87,100,5.61
205,Mabaruma,GY,2022-09-10 14:17:38,8.2,-59.7833,88.09,58,11,5.03
206,Flinders,AU,2022-09-10 14:17:38,-34.5833,150.8552,58.17,88,45,3.0
207,Tuatapere,NZ,2022-09-10 14:17:38,-46.1333,167.6833,38.59,94,9,4.36
208,Cravo Norte,CO,2022-09-10 14:17:39,6.3017,-70.2041,83.01,71,43,4.47
209,Esperance,AU,2022-09-10 14:17:39,-33.8667,121.9,53.49,85,23,7.45
210,Yar-Sale,RU,2022-09-10 14:17:40,66.8333,70.8333,41.92,65,99,6.6
211,Waingapu,ID,2022-09-10 14:17:40,-9.6567,120.2641,78.75,75,14,4.25
212,Gualaquiza,EC,2022-09-10 14:17:41,-3.4,-78.55,62.74,97,100,0.76
213,Bonavista,CA,2022-09-10 14:17:41,48.6499,-53.1147,58.39,76,100,21.83
214,Yulara,AU,2022-09-10 14:17:42,-25.2406,130.9889,56.68,73,100,21.45
215,Lagoa,PT,2022-09-10 14:17:42,39.05,-27.9833,72.27,77,100,25.59
216,Kumertau,RU,2022-09-10 14:17:43,52.7667,55.7833,51.21,53,100,17.05
217,Kota Kinabalu,MY,2022-09-10 14:17:43,5.9749,116.0724,78.78,94,20,5.99
218,Gat,IL,2022-09-10 14:17:44,31.61,34.7642,92.39,31,0,13.18
219,Provideniya,RU,2022-09-10 14:17:44,64.3833,-173.3,42.01,84,10,4.79
220,Saldanha,ZA,2022-09-10 14:17:44,-33.0117,17.9442,58.44,78,100,6.67
221,Auki,SB,2022-09-10 14:17:45,-8.7676,160.7034,75.69,87,11,3.98
222,Borogontsy,RU,2022-09-10 14:18:45,62.6683,131.1683,34.83,85,18,7.02
223,Aguimes,ES,2022-09-10 14:18:46,27.9054,-15.4461,79.43,57,20,27.63
224,Touros,BR,2022-09-10 14:18:46,-5.1989,-35.4608,84.24,55,3,16.98
225,Hambantota,LK,2022-09-10 14:18:46,6.1241,81.1185,79.88,79,92,18.99
226,Guilin,CN,2022-09-10 14:18:47,25.2819,110.2864,80.71,60,100,0.58
227,Pasighat,IN,2022-09-10 14:18:47,28.0667,95.3333,76.3,76,1,3.91
228,Khorlovo,RU,2022-09-10 14:18:48,55.3353,38.8131,60.42,37,0,2.89
229,Aklavik,CA,2022-09-10 14:18:48,68.2191,-135.0107,44.76,98,100,5.3
230,Okhotsk,RU,2022-09-10 14:18:49,59.3833,143.3,50.99,57,99,19.89
231,Daru,PG,2022-09-10 14:18:49,-9.0763,143.2092,78.19,88,44,13.62
232,Shenkursk,RU,2022-09-10 14:18:49,62.1091,42.896,50.67,65,100,4.63
233,Sorong,ID,2022-09-10 14:18:50,-0.8833,131.25,75.76,93,100,8.84
234,Vostok,RU,2022-09-10 14:18:52,46.4856,135.8833,52.59,80,0,3.89
235,Krasnoselkup,RU,2022-09-10 14:18:52,65.7,82.4667,41.67,53,100,2.39
236,Illapel,CL,2022-09-10 14:18:52,-31.6308,-71.1653,62.67,42,0,4.23
237,Vicuna,CL,2022-09-10 14:18:54,-30.0319,-70.7081,46.13,37,0,4.76
238,Buala,SB,2022-09-10 14:18:54,-8.145,159.5921,79.66,80,43,8.61
239,Walvis Bay,NA,2022-09-10 14:18:55,-22.9575,14.5053,68.49,54,38,12.77
240,Arman,RU,2022-09-10 14:18:55,59.7,150.1667,48.16,85,0,4.05
241,Linxia,CN,2022-09-10 14:18:56,35.6003,103.2064,61.81,45,0,4.03
242,Chirongui,YT,2022-09-10 14:18:56,-12.9319,45.1483,78.73,70,12,6.22
243,Boddam,GB,2022-09-10 14:18:56,57.4667,-1.7833,64.44,77,15,7.36
244,San Quintin,MX,2022-09-10 14:18:57,30.4833,-115.95,76.08,74,100,13.58
245,Mayo,US,2022-09-10 14:18:58,38.8876,-76.5119,76.23,79,20,6.91
246,Vila Velha,BR,2022-09-10 14:17:53,-20.3297,-40.2925,84.15,48,0,17.27
247,Alcudia,ES,2022-09-10 14:18:58,39.8532,3.1214,91.69,56,11,9.17
248,Palmer,US,2022-09-10 14:18:59,42.1584,-72.3287,78.67,80,20,0.0
249,Souillac,MU,2022-09-10 14:18:59,-20.5167,57.5167,73.78,60,75,12.66
250,Vardo,NO,2022-09-10 14:19:00,70.3705,31.1107,49.98,71,100,17.27
251,Nicolas Bravo,MX,2022-09-10 14:19:00,18.45,-88.9167,78.42,86,85,1.34
252,Christchurch,NZ,2022-09-10 14:17:39,-43.5333,172.6333,52.92,90,75,13.8
253,Kholm,RU,2022-09-10 14:19:01,59.2667,32.85,58.78,45,13,4.85
254,Dayal Bagh,IN,2022-09-10 14:19:02,27.2167,78.0167,92.21,45,100,5.75
255,Obihiro,JP,2022-09-10 14:19:02,42.9172,143.2044,54.91,92,0,0.69
256,Tarakan,ID,2022-09-10 14:19:02,3.3,117.6333,80.1,83,20,2.3
257,Port Augusta,AU,2022-09-10 14:19:03,-32.5,137.7667,50.58,74,76,7.81
258,Quime,BO,2022-09-10 14:19:04,-16.9833,-67.2167,50.77,81,96,6.24
259,Ihosy,MG,2022-09-10 14:19:04,-22.4,46.1167,76.86,31,0,11.3
260,Samoded,RU,2022-09-10 14:19:05,63.6083,40.5111,48.97,80,100,5.14
261,Zabid,YE,2022-09-10 14:19:05,14.1951,43.3152,95.13,46,100,12.53
262,Tual,ID,2022-09-10 14:19:06,-5.6667,132.75,81.73,82,100,11.21
263,Gualeguay,AR,2022-09-10 14:19:06,-33.1416,-59.3097,57.54,31,0,5.17
264,Korla,CN,2022-09-10 14:19:07,41.7597,86.1469,85.28,14,0,3.15
265,Asau,RO,2022-09-10 14:19:07,46.4333,26.4,76.28,65,29,6.29
266,Hamilton,US,2022-09-10 14:16:09,39.1834,-84.5333,75.06,81,0,9.22
267,Batagay-Alyta,RU,2022-09-10 14:19:08,67.8006,130.4114,36.14,57,100,5.08
268,Coihaique,CL,2022-09-10 14:15:49,-45.5752,-72.0662,50.61,66,40,3.44
269,Pevek,RU,2022-09-10 14:20:09,69.7008,170.3133,42.84,79,21,6.82
270,Vestmannaeyjar,IS,2022-09-10 14:20:09,63.4427,-20.2734,53.15,95,100,6.38
271,Cap Malheureux,MU,2022-09-10 14:20:10,-19.9842,57.6142,72.46,59,4,7.0
272,Krasnyy Chikoy,RU,2022-09-10 14:20:12,50.3643,108.7512,49.41,80,77,3.47
273,Mahajanga,MG,2022-09-10 14:20:13,-15.7167,46.3167,82.42,51,20,11.5
274,Kalispell,US,2022-09-10 14:17:10,48.1958,-114.3129,45.66,81,0,4.61
275,Shache,CN,2022-09-10 14:20:14,38.4167,77.2406,83.19,10,0,6.53
276,Monrovia,LR,2022-09-10 14:16:13,6.3005,-10.7969,78.15,82,64,11.14
277,Aleksandrov Gay,RU,2022-09-10 14:20:15,50.147,48.5704,60.64,28,19,14.94
278,Svetlogorsk,BY,2022-09-10 14:20:15,52.6333,29.7333,51.78,59,100,15.43
279,Tingi,TZ,2022-09-10 14:20:16,-11.3,35.0333,75.51,40,68,4.99
280,Bull Savanna,JM,2022-09-10 14:20:16,17.8868,-77.5902,83.41,68,3,10.07
281,Mudgee,AU,2022-09-10 14:20:16,-32.5943,149.5871,50.61,94,80,9.82
282,Tevaitoa,PF,2022-09-10 14:20:17,-16.7833,-151.5,78.12,73,40,21.81
283,Katsuura,JP,2022-09-10 14:20:18,35.1333,140.3,74.82,85,99,19.44
284,Cayenne,GF,2022-09-10 14:20:18,4.9333,-52.3333,87.84,58,20,10.36
285,Cockburn Town,TC,2022-09-10 14:19:16,21.4612,-71.1419,84.38,75,8,13.82
286,Namibe,AO,2022-09-10 14:20:19,-15.1961,12.1522,71.89,74,31,11.43
287,Puerto Narino,CO,2022-09-10 14:20:19,-3.7703,-70.3831,85.28,63,89,1.99
288,Los Llanos De Aridane,ES,2022-09-10 14:20:20,28.6585,-17.9182,74.95,93,75,8.05
289,Vilhena,BR,2022-09-10 14:20:20,-12.7406,-60.1458,79.02,73,54,3.44
290,Sterling,US,2022-09-10 14:17:22,39.0062,-77.4286,74.55,80,75,3.44
291,Tocache,PE,2022-09-10 14:17:19,-8.1842,-76.5125,78.78,64,63,2.19
292,Avera,US,2022-09-10 14:20:21,33.194,-82.5271,74.55,95,100,7.16
293,Mayma,RU,2022-09-10 14:20:22,52.0197,85.9114,51.55,63,24,2.84
294,Portland,US,2022-09-10 14:20:23,45.5234,-122.6762,77.81,37,40,6.91
295,Uvalde,US,2022-09-10 14:17:59,29.3669,-99.767,77.32,69,100,6.91
296,Asfi,MA,2022-09-10 14:20:24,32.2994,-9.2372,77.47,72,15,19.01
297,Ransang,PH,2022-09-10 14:20:24,8.9603,117.5828,79.95,84,100,3.44
298,Qeshm,IR,2022-09-10 14:20:25,26.9581,56.2719,93.09,67,6,10.38
299,Voloshka,RU,2022-09-10 14:19:17,61.3314,40.0858,48.81,79,99,6.02
300,Coquimbo,CL,2022-09-10 14:18:12,-29.9533,-71.3436,53.33,82,100,2.3
301,Birobidzhan,RU,2022-09-10 14:20:26,48.8,132.95,57.85,88,0,2.93
302,Pitimbu,BR,2022-09-10 14:20:26,-7.4706,-34.8086,84.79,71,51,12.73
303,Sinnamary,GF,2022-09-10 14:20:27,5.3833,-52.95,84.54,67,5,7.61
304,Labrea,BR,2022-09-10 14:20:27,-7.2586,-64.7981,92.46,45,6,4.03
305,Hofn,IS,2022-09-10 14:20:28,64.2539,-15.2082,52.34,97,100,11.21
306,Pandan,PH,2022-09-10 14:20:28,14.0453,124.1694,79.92,85,95,5.77
307,Kambove,CD,2022-09-10 14:20:29,-10.8764,26.5969,85.1,20,92,4.85
308,Fuerte Olimpo,PY,2022-09-10 14:20:29,-21.0415,-57.8738,69.96,52,58,8.19
309,Barmer,IN,2022-09-10 14:20:29,25.75,71.3833,93.72,40,97,5.95
310,Pipri,IN,2022-09-10 14:20:30,19.8,75.5333,79.05,82,100,5.03
311,Morrope,PE,2022-09-10 14:20:31,-6.5417,-80.0111,62.71,71,100,12.15
312,Kavaratti,IN,2022-09-10 14:20:31,10.5669,72.642,80.35,85,93,18.72
313,San Policarpo,PH,2022-09-10 14:20:31,12.1791,125.5072,79.25,84,61,4.38
314,Fukue,JP,2022-09-10 14:20:32,32.6881,128.8419,77.04,86,100,16.24
315,Ballina,AU,2022-09-10 14:20:32,-28.8667,153.5667,60.84,67,0,9.93
316,Levin,NZ,2022-09-10 14:20:33,-40.6333,175.275,49.71,93,100,7.38
317,Kenora,CA,2022-09-10 14:20:33,49.8167,-94.4337,56.37,67,20,2.3
318,Ulladulla,AU,2022-09-10 14:21:34,-35.35,150.4667,56.3,92,91,5.46
319,Porto Novo,BJ,2022-09-10 14:21:35,6.4965,2.6036,84.54,60,63,13.6
320,Hargeysa,SO,2022-09-10 14:21:35,9.56,44.065,81.99,33,100,8.48
321,Lasa,IT,2022-09-10 14:21:36,46.6166,10.7002,67.08,58,91,1.77
322,Vao,NC,2022-09-10 14:21:38,-22.6667,167.4833,72.82,89,11,15.57
323,Bud,US,2022-09-10 14:21:38,39.447,-86.1758,76.82,91,100,5.77
324,Noshiro,JP,2022-09-10 14:21:39,40.2039,140.0242,66.13,77,4,11.81
325,Hirara,JP,2022-09-10 14:21:41,24.8,125.2833,80.74,87,100,21.97
326,Kurilsk,RU,2022-09-10 14:21:42,45.2333,147.8833,55.67,74,0,3.18
327,Mangrol,IN,2022-09-10 14:21:42,21.1167,70.1167,84.27,82,100,7.99
328,Nakamura,JP,2022-09-10 14:21:43,32.9833,132.9333,75.04,94,40,3.2
329,Eidsvag,NO,2022-09-10 14:21:43,62.7767,8.0668,60.85,51,17,5.14
330,Guanay,BO,2022-09-10 14:21:44,-15.4975,-67.8797,77.7,73,96,1.16
331,Kununurra,AU,2022-09-10 14:18:41,-15.7667,128.7333,78.78,61,100,5.75
332,Ayan,RU,2022-09-10 14:21:44,56.45,138.1667,52.11,90,100,6.42
333,Muroto,JP,2022-09-10 14:21:45,33.2833,134.15,79.79,82,28,11.92
334,Bakel,SN,2022-09-10 14:21:47,14.905,-12.4568,86.04,66,100,15.12
335,Kwinana,AU,2022-09-10 14:21:47,-32.25,115.7667,57.18,79,90,8.37
336,Lyaskelya,RU,2022-09-10 14:21:48,61.7667,31.0167,54.34,62,100,6.6
337,Bambous Virieux,MU,2022-09-10 14:21:49,-20.3428,57.7575,73.65,60,75,12.66
338,Asyut,EG,2022-09-10 14:21:50,27.181,31.1837,93.38,17,0,17.78
339,Rio Do Sul,BR,2022-09-10 14:21:50,-27.2142,-49.6431,71.38,65,98,5.99
340,Avanigadda,IN,2022-09-10 14:21:52,16.0215,80.9181,78.1,89,100,5.84
341,Torbay,CA,2022-09-10 14:21:52,47.6666,-52.7314,58.57,88,100,27.0
342,Pangnirtung,CA,2022-09-10 14:21:54,66.1451,-65.7125,41.0,100,100,12.66
343,Evensk,RU,2022-09-10 14:21:55,61.95,159.2333,44.1,80,79,3.78
344,Boa Vista,BR,2022-09-10 14:21:56,2.8197,-60.6733,85.98,63,40,8.05
345,Port Blair,IN,2022-09-10 14:21:58,11.6667,92.75,80.64,83,75,3.44
346,Nanyamba,TZ,2022-09-10 14:21:59,-10.6833,39.8333,80.94,47,60,9.44
347,Buraydah,SA,2022-09-10 14:22:01,26.326,43.975,108.05,9,0,15.43
348,Ucluelet,CA,2022-09-10 14:22:03,48.9329,-125.5528,50.31,56,0,3.62
349,College,US,2022-09-10 14:21:57,64.8569,-147.8028,43.29,93,75,6.91
350,Raton,US,2022-09-10 14:22:04,36.9034,-104.4391,58.05,87,40,3.44
351,Guatire,VE,2022-09-10 14:22:05,10.4762,-66.5427,88.7,55,43,3.74
352,Constantine,DZ,2022-09-10 14:17:09,36.365,6.6147,94.41,29,20,13.8
353,Maragogi,BR,2022-09-10 14:22:05,-9.0122,-35.2225,77.22,81,48,12.71
354,Itanagar,IN,2022-09-10 14:22:06,27.1,93.6167,76.21,85,2,3.27
355,Geraldton,AU,2022-09-10 14:22:07,-28.7667,114.6,54.01,94,0,8.05
356,Natal,BR,2022-09-10 14:22:08,-5.795,-35.2094,86.22,58,75,16.11
357,Necochea,AR,2022-09-10 14:20:21,-38.5473,-58.7368,50.41,58,0,8.86
358,Vernon,CA,2022-09-10 14:22:10,50.2581,-119.2691,51.3,67,0,5.75
359,Vaitape,PF,2022-09-10 14:22:10,-16.5167,-151.75,78.42,72,24,21.3
360,Itarema,BR,2022-09-10 14:22:11,-2.9248,-39.9167,88.27,49,1,14.72
361,Puerto Quijarro,BO,2022-09-10 14:22:11,-17.7833,-57.7667,86.63,30,1,6.96
362,Dicabisagan,PH,2022-09-10 14:22:12,17.0818,122.4157,79.45,85,100,0.72
363,Ust-Kulom,RU,2022-09-10 14:22:12,61.6864,53.6902,44.83,95,100,3.29
364,Santo Augusto,BR,2022-09-10 14:18:51,-27.8508,-53.7772,53.19,56,51,9.84
365,Faya,SA,2022-09-10 14:23:13,18.3851,42.4509,81.12,23,98,10.22
366,Champerico,GT,2022-09-10 14:23:13,14.3,-91.9167,82.94,80,88,6.96
367,Kahului,US,2022-09-10 14:23:14,20.8947,-156.47,78.84,78,0,5.99
368,Manta,EC,2022-09-10 14:21:24,-0.95,-80.7333,69.58,88,100,9.22
369,Port Hardy,CA,2022-09-10 14:23:15,50.6996,-127.4199,50.18,100,100,3.44
370,Wattegama,LK,2022-09-10 14:23:15,6.7989,81.4808,82.02,62,91,8.32
371,Nakhon Thai,TH,2022-09-10 14:23:16,17.1006,100.8374,75.34,98,100,1.88
372,Gigmoto,PH,2022-09-10 14:23:17,13.7796,124.39,80.11,86,99,6.76
373,Moses Lake,US,2022-09-10 14:23:17,47.1301,-119.2781,57.88,54,0,6.91
374,Port Macquarie,AU,2022-09-10 14:19:50,-31.4333,152.9167,49.89,73,5,7.52
375,Bangassou,CF,2022-09-10 14:23:18,4.7413,22.8184,81.93,70,99,2.75
376,Mweka,CD,2022-09-10 14:23:19,-4.85,21.5667,84.63,49,64,3.38
377,Ilebo,CD,2022-09-10 14:23:19,-4.3167,20.5833,86.32,51,61,6.26
378,Zhigansk,RU,2022-09-10 14:23:20,66.7697,123.3711,37.26,97,100,19.13
379,Peace River,CA,2022-09-10 14:23:20,56.2501,-117.286,49.66,81,20,6.91
380,Grafton,US,2022-09-10 14:23:21,42.207,-71.6856,78.75,70,0,4.61
381,Bubaque,GW,2022-09-10 14:23:22,11.2833,-15.8333,80.82,76,80,5.97
382,Chagoda,RU,2022-09-10 14:23:22,59.164,35.3285,58.12,47,31,4.81
383,Sunrise Manor,US,2022-09-10 14:23:23,36.2111,-115.0731,81.91,54,100,11.5
384,Kashi,CN,2022-09-10 14:23:24,39.4547,75.9797,83.41,23,40,4.47
385,Sabang,ID,2022-09-10 14:23:24,5.8933,95.3214,82.31,76,97,16.17
386,Hohhot,CN,2022-09-10 14:23:25,40.8106,111.6522,57.49,77,0,4.47
387,Suhbaatar,MN,2022-09-10 14:23:25,50.2314,106.2078,53.44,66,100,5.06
388,Ribeira Grande,PT,2022-09-10 14:23:26,38.5167,-28.7,77.4,69,75,23.02
389,Palu,ID,2022-09-10 14:23:26,-0.8917,119.8707,76.15,97,100,1.3
390,Pathein,MM,2022-09-10 14:23:27,16.7833,94.7333,77.94,87,97,4.79
391,Nenjiang,CN,2022-09-10 14:23:28,49.1833,125.2167,72.27,43,3,15.48
392,Payson,US,2022-09-10 14:19:40,40.0444,-111.7321,61.41,40,0,5.75
393,Yeppoon,AU,2022-09-10 14:23:28,-23.1333,150.7333,60.58,52,21,5.91
394,Russkaya Polyana,UA,2022-09-10 14:23:29,49.417,31.9201,54.16,75,100,14.14
395,Gao,ML,2022-09-10 14:23:30,16.6362,1.637,94.96,32,51,7.02
396,Ixtapa,MX,2022-09-10 14:23:31,20.7,-105.2,81.23,94,40,3.44
397,Barranca,PE,2022-09-10 14:23:33,-10.75,-77.7667,61.52,77,79,6.67
398,Quanzhou,CN,2022-09-10 14:23:35,24.9139,118.5858,77.05,74,20,9.37
399,Chato,TZ,2022-09-10 14:23:37,-2.6378,31.7669,81.77,44,84,9.17
400,Tadine,NC,2022-09-10 14:23:38,-21.55,167.8833,71.98,90,15,6.8
401,Yellowknife,CA,2022-09-10 14:23:38,62.456,-114.3525,45.12,87,75,16.11
402,Alofi,NU,2022-09-10 14:23:40,-19.0595,-169.9187,67.89,94,75,3.44
403,Graciano Sanchez,MX,2022-09-10 14:23:42,23.9167,-99.2833,77.95,72,31,0.58
404,Shingu,JP,2022-09-10 14:23:44,33.7333,135.9833,77.11,89,77,6.89
405,Gravina In Puglia,IT,2022-09-10 14:23:45,40.8197,16.4228,81.54,51,77,12.35
406,Spring Hill,US,2022-09-10 14:21:15,28.4769,-82.5255,85.23,88,0,5.75
407,Sao Felix Do Xingu,BR,2022-09-10 14:23:46,-6.6447,-51.995,99.09,19,0,4.5
408,Lakeway,US,2022-09-10 14:23:46,30.3638,-97.9796,81.01,80,25,4.61
409,Amapa,BR,2022-09-10 14:23:46,1.0,-52.0,89.6,44,72,5.28
410,Xingyi,CN,2022-09-10 14:23:47,24.1877,102.817,60.67,96,100,3.18
411,Taltal,CL,2022-09-10 14:23:47,-25.4,-70.4833,59.56,66,1,5.61
412,Belyy Yar,RU,2022-09-10 14:23:48,53.6039,91.3903,57.09,51,0,4.47
413,Lingao,CN,2022-09-10 14:24:48,19.9103,109.6859,79.56,81,43,9.57
414,Saint Anthony,US,2022-09-10 14:24:49,45.0205,-93.218,60.78,94,75,4.61
415,Tessalit,ML,2022-09-10 14:24:50,20.1986,1.0114,102.47,14,7,5.82
416,Aleksandriyskaya,RU,2022-09-10 14:24:50,44.2272,43.3453,74.03,28,7,15.23
417,Vadso,NO,2022-09-10 14:24:51,70.0744,29.7487,52.68,71,40,18.41
418,Lakatoro,VU,2022-09-10 14:24:51,-16.0999,167.4164,78.12,80,6,10.51
419,Ranong,TH,2022-09-10 14:24:52,9.9658,98.6348,79.12,84,100,7.4
420,Killybegs,IE,2022-09-10 14:24:52,54.6333,-8.45,65.91,64,39,3.31
421,Baoro,CF,2022-09-10 14:24:53,5.6667,15.9667,73.9,90,100,3.78
422,Jacareacanga,BR,2022-09-10 14:24:54,-6.2222,-57.7528,95.04,32,32,4.7
423,Ullapool,GB,2022-09-10 14:24:54,57.8987,-5.1604,64.35,57,33,4.12
424,Asosa,ET,2022-09-10 14:24:54,10.0667,34.5333,66.78,92,99,3.85
425,Neuquen,AR,2022-09-10 14:24:55,-38.9516,-68.0591,51.69,46,0,3.44
426,Chisinau,MD,2022-09-10 14:22:25,47.0056,28.8575,66.63,88,40,9.22
427,Axim,GH,2022-09-10 14:24:56,4.8699,-2.2405,79.25,76,39,12.73
428,Dubti,ET,2022-09-10 14:24:56,11.7361,41.0853,99.5,25,100,3.0
429,Berlevag,NO,2022-09-10 14:24:57,70.8578,29.0864,49.8,81,100,24.16
430,Meadville,US,2022-09-10 14:24:58,41.6414,-80.1515,73.58,75,0,4.61
431,Podosinovets,RU,2022-09-10 14:24:58,60.2776,47.0659,49.78,84,100,4.83
432,Atar,MR,2022-09-10 14:24:59,20.5169,-13.0499,107.46,13,73,16.17
433,Mormugao,IN,2022-09-10 14:25:00,15.4,73.8,78.78,88,100,15.48
434,Half Moon Bay,US,2022-09-10 14:23:04,37.4636,-122.4286,65.03,88,100,6.91
435,Rapid Valley,US,2022-09-10 14:25:00,44.0625,-103.1463,56.37,70,0,6.91
436,Richards Bay,ZA,2022-09-10 14:25:01,-28.783,32.0377,79.11,59,0,12.08
437,Kavieng,PG,2022-09-10 14:25:02,-2.5744,150.7967,81.81,74,81,14.41
438,Poum,NC,2022-09-10 14:25:02,-20.2333,164.0167,75.34,87,1,12.41
439,San Jeronimo,PE,2022-09-10 14:25:03,-11.9472,-75.2829,55.42,49,8,2.08
440,Clifton Springs,AU,2022-09-10 14:25:03,-38.15,144.5667,52.68,87,40,10.36
441,Astoria,US,2022-09-10 14:22:15,46.1879,-123.8313,74.43,52,0,11.5
442,Kingsport,US,2022-09-10 14:23:13,36.5484,-82.5618,67.12,89,100,4.61
443,Chicama,PE,2022-09-10 14:25:05,-7.8447,-79.1469,59.54,74,83,5.86
444,Hof,DE,2022-09-10 14:25:06,50.3167,11.9167,64.49,87,75,11.01
445,Lake Havasu City,US,2022-09-10 14:21:42,34.4839,-114.3224,81.23,64,0,8.05
446,Yining,CN,2022-09-10 14:25:06,29.0361,114.5636,74.5,66,56,2.44
447,Madinat Sittah Uktubar,EG,2022-09-10 14:25:07,29.8167,31.05,91.0,16,0,12.82
448,Kondinskoye,RU,2022-09-10 14:22:09,59.6481,67.41,45.91,79,99,5.75
449,Kotelnikovo,RU,2022-09-10 14:25:08,47.6317,43.1461,64.71,25,86,8.86
450,Liancheng,CN,2022-09-10 14:25:08,24.0519,105.075,65.43,94,100,1.21
451,Minden,DE,2022-09-10 14:25:09,52.2833,8.9167,67.98,81,97,5.17
452,Solnechnyy,RU,2022-09-10 14:25:10,50.7214,136.6319,58.14,88,30,5.01
453,Zomba,MW,2022-09-10 14:25:11,-15.386,35.3188,83.1,23,2,6.11
454,Fairbanks,US,2022-09-10 14:25:11,64.8378,-147.7164,43.3,93,100,6.91
455,Limbang,MY,2022-09-10 14:25:12,4.75,115.0,80.71,96,100,2.68
456,Adrar,MR,2022-09-10 14:25:13,20.5022,-10.0711,106.21,10,18,6.82
457,Kontagora,NG,2022-09-10 14:25:13,10.3999,5.4695,74.61,93,100,4.03
458,Lejanias,CO,2022-09-10 14:26:14,3.5251,-74.0216,76.53,68,99,1.79
459,Srandakan,ID,2022-09-10 14:26:14,-7.9386,110.2506,76.32,91,100,6.98
460,Carmelo,UY,2022-09-10 14:26:15,-33.9892,-58.2856,54.5,38,0,5.95
461,Parabel,RU,2022-09-10 14:26:16,58.6978,81.4825,44.02,93,39,4.76
462,Deputatskiy,RU,2022-09-10 14:26:17,69.3,139.9,37.76,97,100,2.37
463,Liliani,PK,2022-09-10 14:26:17,32.2065,72.9537,90.72,54,7,10.58
464,Kimbe,PG,2022-09-10 14:26:18,-5.5502,150.1429,74.75,92,14,4.09
465,Anniston,US,2022-09-10 14:23:25,33.6598,-85.8316,71.35,94,100,5.75
466,Khandyga,RU,2022-09-10 14:26:19,62.6667,135.6,36.72,95,95,6.67
467,Kjollefjord,NO,2022-09-10 14:26:19,70.9457,27.3465,48.25,87,75,16.11
468,Portalegre,PT,2022-09-10 14:26:20,39.2938,-7.4312,91.13,23,0,7.25
469,Kolpashevo,RU,2022-09-10 14:26:20,58.3131,82.9089,43.63,92,43,2.8
470,Ayagoz,KZ,2022-09-10 14:26:21,47.9714,80.4392,61.12,17,9,8.05
471,Brae,GB,2022-09-10 14:26:21,60.3964,-1.353,55.96,70,25,5.79
472,Turka,UA,2022-09-10 14:26:21,49.1541,23.0297,57.99,90,100,5.06
473,Whitehorse,CA,2022-09-10 14:24:21,60.7161,-135.0538,41.77,70,20,11.5
474,Boende,CD,2022-09-10 14:26:22,-0.2167,20.8667,82.71,64,100,1.77
475,Grootfontein,NA,2022-09-10 14:26:23,-19.5667,18.1167,88.81,7,0,14.18
476,Lerwick,GB,2022-09-10 14:26:23,60.1545,-1.1494,55.4,69,33,1.7
477,Jibuti,DJ,2022-09-10 14:26:24,11.5,42.5,95.23,26,100,4.07
478,Soyo,AO,2022-09-10 14:26:25,-6.1349,12.3689,76.91,78,57,10.8
479,Uvira,CD,2022-09-10 14:26:25,-3.4067,29.1458,81.52,60,35,12.17
480,Nurota,UZ,2022-09-10 14:26:26,40.5614,65.6886,81.64,24,0,8.9
481,Imeni Poliny Osipenko,RU,2022-09-10 14:26:27,52.4201,136.4853,58.23,95,8,11.39
482,Reinosa,ES,2022-09-10 14:26:27,42.9996,-4.138,70.47,26,4,3.49
483,Sainte-Suzanne,RE,2022-09-10 14:26:28,-20.9061,55.6089,75.42,74,42,16.11
484,High Prairie,CA,2022-09-10 14:26:07,55.4334,-116.4858,46.65,66,3,7.18
485,Sainte-Maxime,FR,2022-09-10 14:26:29,43.3,6.6333,87.19,26,79,19.6
486,La Trinidad,PH,2022-09-10 14:26:29,16.455,120.5875,62.83,95,99,0.54
487,Koumra,TD,2022-09-10 14:26:30,8.9126,17.5539,75.94,83,100,4.21
488,Blythe,US,2022-09-10 14:26:30,33.6103,-114.5964,81.05,65,0,0.0
489,Jawhar,SO,2022-09-10 14:26:30,2.7809,45.5005,84.43,56,74,23.47
490,Grindavik,IS,2022-09-10 14:26:31,63.8424,-22.4338,58.95,88,75,2.3
491,Hovd,MN,2022-09-10 14:26:32,48.0056,91.6419,61.86,38,1,3.87
492,Berezovka,BY,2022-09-10 14:26:32,53.7214,25.4993,49.53,82,100,10.92
493,Qom,IR,2022-09-10 14:24:36,34.6401,50.8764,93.38,12,0,11.34
494,San Buenaventura,MX,2022-09-10 14:26:33,27.0833,-101.5333,81.48,64,18,3.02
495,Kruisfontein,ZA,2022-09-10 14:26:34,-34.0033,24.7314,61.88,66,84,12.71
496,Mehran,IR,2022-09-10 14:26:34,33.1222,46.1646,107.69,9,0,17.81
497,Xai-Xai,MZ,2022-09-10 14:26:35,-25.0519,33.6442,85.08,39,0,8.97
498,Zhezkazgan,KZ,2022-09-10 14:26:36,47.8043,67.7144,64.38,32,75,4.47
499,Araouane,ML,2022-09-10 14:26:36,18.9048,-3.5265,101.43,22,33,7.47
500,Tampere,FI,2022-09-10 14:26:37,61.4991,23.7871,66.16,41,75,3.44
501,Rocha,UY,2022-09-10 14:26:37,-34.4833,-54.3333,52.99,57,26,15.7
502,Cidreira,BR,2022-09-10 14:26:38,-30.1811,-50.2056,54.91,52,3,18.12
503,Sibiti,CG,2022-09-10 14:26:39,-3.6819,13.3499,83.82,48,96,5.06
504,Khudumelapye,BW,2022-09-10 14:26:39,-23.8833,24.75,90.03,9,0,3.42
505,Carutapera,BR,2022-09-10 14:26:40,-1.195,-46.02,87.82,57,11,10.13
506,Isangel,VU,2022-09-10 14:27:41,-19.55,169.2667,73.9,87,4,4.68
507,Olinda,BR,2022-09-10 14:27:42,-8.0089,-34.8553,80.33,69,40,10.36
508,Nantucket,US,2022-09-10 14:27:42,41.2835,-70.0995,78.94,57,0,9.22
509,Beloha,MG,2022-09-10 14:27:43,-25.1667,45.05,82.69,33,0,10.87
510,Vrangel,RU,2022-09-10 14:27:46,42.7297,133.0839,61.81,73,100,3.89
511,Mogadishu,SO,2022-09-10 14:25:37,2.0371,45.3438,80.47,74,75,14.97
512,Ngawen,ID,2022-09-10 14:27:48,-7.0032,111.3129,76.91,85,87,0.25
513,Urumqi,CN,2022-09-10 14:27:48,43.801,87.6005,76.15,31,0,4.47
514,Doka,SD,2022-09-10 14:27:49,13.5167,35.7667,82.2,76,100,8.01
515,Lichinga,MZ,2022-09-10 14:27:50,-13.3128,35.2406,74.75,33,72,9.28
516,West Bay,KY,2022-09-10 14:27:50,19.3667,-81.4167,89.01,77,40,5.75
517,Ketchikan,US,2022-09-10 14:27:51,55.3422,-131.6461,51.78,100,0,4.61
518,Xining,CN,2022-09-10 14:27:51,36.6167,101.7667,55.2,64,31,3.2
519,Morgan City,US,2022-09-10 14:27:52,29.6994,-91.2068,77.02,82,5,1.01
520,San Carlos De Bariloche,AR,2022-09-10 14:27:15,-41.1456,-71.3082,42.24,73,8,1.61
521,Savonlinna,FI,2022-09-10 14:27:53,61.8699,28.88,55.45,54,0,5.75
522,Taunggyi,MM,2022-09-10 14:27:53,20.7833,97.0333,65.35,93,100,1.3
523,Namtsy,RU,2022-09-10 14:27:54,62.7161,129.6658,37.15,83,36,7.78
524,Sambava,MG,2022-09-10 14:27:54,-14.2667,50.1667,73.51,72,11,12.73
525,Yasothon,TH,2022-09-10 14:27:55,15.75,104.1333,84.04,85,87,2.98
526,George Town,MY,2022-09-10 14:22:58,5.4112,100.3354,82.35,86,20,3.44
527,Soto La Marina,MX,2022-09-10 14:27:55,23.7667,-98.2167,79.77,79,80,2.15
528,Chapais,CA,2022-09-10 14:27:56,49.7834,-74.8492,69.58,58,6,8.21
529,Queimadas,BR,2022-09-10 14:27:56,-10.9783,-39.6264,84.56,42,44,7.63
530,Mbekenyera,TZ,2022-09-10 14:27:57,-10.0,38.9833,81.5,44,79,11.95
531,Kiama,AU,2022-09-10 14:27:57,-34.6833,150.8667,60.01,91,71,8.57
532,Labuhan,ID,2022-09-10 14:27:57,-6.8844,112.2051,79.7,78,25,3.6
533,Salo,IT,2022-09-10 14:27:58,45.6086,10.531,82.33,51,5,2.21
534,Ust-Kut,RU,2022-09-10 14:27:58,56.7938,105.7672,44.8,81,100,2.73
535,Palana,RU,2022-09-10 14:27:59,59.1167,159.9667,45.86,96,100,7.99
536,Miles City,US,2022-09-10 14:28:00,46.4083,-105.8406,43.77,100,20,5.75
537,Amahai,ID,2022-09-10 14:28:00,-3.3333,128.9167,77.7,86,100,2.59
538,Umm Kaddadah,SD,2022-09-10 14:28:00,13.6017,26.6876,96.78,26,86,3.62
539,Albemarle,US,2022-09-10 14:23:56,35.3501,-80.2001,69.48,98,100,11.5
